slug,page_id,file,title,alt
ai-penetration-testing,990029,ai-penetration-testing-feature-img01.webp,AI Penetration Testing Feature Image,AI Penetration Testing Feature Image
ai-penetration-testing,990029,ai-penetration-testing-feature-img02.webp,AI Penetration Testing Feature Image,AI Penetration Testing Feature Image
attack-path-simulation,990002,attack-path-simulation-feature-img01.webp,Attack Path Simulation Feature Image,Attack Path Simulation Feature Image
attack-path-simulation,990002,attack-path-simulation-feature-img02.webp,Attack Path Simulation Feature Image,Attack Path Simulation Feature Image
compliance-mapping,990030,compliance-mapping-feature-img01.webp,Compliance Mapping Feature Image,Compliance Mapping Feature Image
compliance-mapping,990030,compliance-mapping-feature-img02.webp,Compliance Mapping Feature Image,Compliance Mapping Feature Image
dark-web-breach-monitor,990031,dark-web-breach-monitor-feature-img01.webp,Dark Web & Breach Monitor Feature Image,Dark Web & Breach Monitor Feature Image
dark-web-breach-monitor,990031,dark-web-breach-monitor-feature-img02.webp,Dark Web & Breach Monitor Feature Image,Dark Web & Breach Monitor Feature Image
digital-forensics,990032,digital-forensics-feature-img01.webp,Digital Forensics Feature Image,Digital Forensics Feature Image
digital-forensics,990032,digital-forensics-feature-img02.webp,Digital Forensics Feature Image,Digital Forensics Feature Image
firewall-audits,990033,firewall-audits-feature-img01.webp,Firewall Audits Feature Image,Firewall Audits Feature Image
firewall-audits,990033,firewall-audits-feature-img02.webp,Firewall Audits Feature Image,Firewall Audits Feature Image
ransomware-simulation,990034,ransomware-simulation-feature-img01.webp,Ransomware Simulation Feature Image,Ransomware Simulation Feature Image
ransomware-simulation,990034,ransomware-simulation-feature-img02.webp,Ransomware Simulation Feature Image,Ransomware Simulation Feature Image
remediation-planning,990035,remediation-planning-feature-img01.webp,Remediation Planning Feature Image,Remediation Planning Feature Image
remediation-planning,990035,remediation-planning-feature-img02.webp,Remediation Planning Feature Image,Remediation Planning Feature Image
table-top-exercise,990036,table-top-exercise-feature-img01.webp,Table Top Exercise Feature Image,Table Top Exercise Feature Image
table-top-exercise,990036,table-top-exercise-feature-img02.webp,Table Top Exercise Feature Image,Table Top Exercise Feature Image
typosquat,990037,typosquat-feature-img01.webp,Typosquat Feature Image,Typosquat Feature Image
typosquat,990037,typosquat-feature-img02.webp,Typosquat Feature Image,Typosquat Feature Image
vulnerability-management,990038,vulnerability-management-feature-img01.webp,Vulnerability Management Feature Image,Vulnerability Management Feature Image
vulnerability-management,990038,vulnerability-management-feature-img02.webp,Vulnerability Management Feature Image,Vulnerability Management Feature Image
vulnerability-scanning,990039,vulnerability-scanning-feature-img01.webp,Vulnerability Scanning Feature Image,Vulnerability Scanning Feature Image
vulnerability-scanning,990039,vulnerability-scanning-feature-img02.webp,Vulnerability Scanning Feature Image,Vulnerability Scanning Feature Image
