slug,page_id,file,title,alt,old_id
ai-penetration-testing,990029,images/output/ai-penetration-testing/ai-penetration-testing-feature-img01.webp,AI Penetration Testing Feature Image,AI Penetration Testing Feature Image,9024
ai-penetration-testing,990029,images/output/ai-penetration-testing/ai-penetration-testing-feature-img02.webp,AI Penetration Testing Feature Image,AI Penetration Testing Feature Image,9032
attack-path-simulation,990002,images/output/attack-path-simulation/attack-path-simulation-feature-img01.webp,Attack Path Simulation Feature Image,Attack Path Simulation Feature Image,9024
attack-path-simulation,990002,images/output/attack-path-simulation/attack-path-simulation-feature-img02.webp,Attack Path Simulation Feature Image,Attack Path Simulation Feature Image,9032
compliance-mapping,990030,images/output/compliance-mapping/compliance-mapping-feature-img01.webp,Compliance Mapping Feature Image,Compliance Mapping Feature Image,9024
compliance-mapping,990030,images/output/compliance-mapping/compliance-mapping-feature-img02.webp,Compliance Mapping Feature Image,Compliance Mapping Feature Image,9032
dark-web-breach-monitor,990031,images/output/dark-web-breach-monitor/dark-web-breach-monitor-feature-img01.webp,Dark Web & Breach Monitor Feature Image,Dark Web & Breach Monitor Feature Image,9024
dark-web-breach-monitor,990031,images/output/dark-web-breach-monitor/dark-web-breach-monitor-feature-img02.webp,Dark Web & Breach Monitor Feature Image,Dark Web & Breach Monitor Feature Image,9032
digital-forensics,990032,images/output/digital-forensics/digital-forensics-feature-img01.webp,Digital Forensics Feature Image,Digital Forensics Feature Image,9024
digital-forensics,990032,images/output/digital-forensics/digital-forensics-feature-img02.webp,Digital Forensics Feature Image,Digital Forensics Feature Image,9032
firewall-audits,990033,images/output/firewall-audits/firewall-audits-feature-img01.webp,Firewall Audits Feature Image,Firewall Audits Feature Image,9024
firewall-audits,990033,images/output/firewall-audits/firewall-audits-feature-img02.webp,Firewall Audits Feature Image,Firewall Audits Feature Image,9032
ransomware-simulation,990034,images/output/ransomware-simulation/ransomware-simulation-feature-img01.webp,Ransomware Simulation Feature Image,Ransomware Simulation Feature Image,9024
ransomware-simulation,990034,images/output/ransomware-simulation/ransomware-simulation-feature-img02.webp,Ransomware Simulation Feature Image,Ransomware Simulation Feature Image,9032
remediation-planning,990035,images/output/remediation-planning/remediation-planning-feature-img01.webp,Remediation Planning Feature Image,Remediation Planning Feature Image,9024
remediation-planning,990035,images/output/remediation-planning/remediation-planning-feature-img02.webp,Remediation Planning Feature Image,Remediation Planning Feature Image,9032
table-top-exercise,990036,images/output/table-top-exercise/table-top-exercise-feature-img01.webp,Table Top Exercise Feature Image,Table Top Exercise Feature Image,9024
table-top-exercise,990036,images/output/table-top-exercise/table-top-exercise-feature-img02.webp,Table Top Exercise Feature Image,Table Top Exercise Feature Image,9032
typosquat,990037,images/output/typosquat/typosquat-feature-img01.webp,Typosquat Feature Image,Typosquat Feature Image,9024
typosquat,990037,images/output/typosquat/typosquat-feature-img02.webp,Typosquat Feature Image,Typosquat Feature Image,9032
vulnerability-management,990038,images/output/vulnerability-management/vulnerability-management-feature-img01.webp,Vulnerability Management Feature Image,Vulnerability Management Feature Image,9024
vulnerability-management,990038,images/output/vulnerability-management/vulnerability-management-feature-img02.webp,Vulnerability Management Feature Image,Vulnerability Management Feature Image,9032
vulnerability-scanning,990039,images/output/vulnerability-scanning/vulnerability-scanning-feature-img01.webp,Vulnerability Scanning Feature Image,Vulnerability Scanning Feature Image,9024
vulnerability-scanning,990039,images/output/vulnerability-scanning/vulnerability-scanning-feature-img02.webp,Vulnerability Scanning Feature Image,Vulnerability Scanning Feature Image,9032
